PatientID,Age,Gender,AdmissionDate,DischargeDate,ICUAdmissionDate,ICUDischargeDate,HospitalStayDays,ICUStayDays,PrimaryDiagnosis,SeverityScore,HospitalDeath,ICUDeath,Readmission,AdmissionSource,DischargeDestination
P001,89,Female,27-09-2023,06-10-2023,28-09-2023,07-10-2023,9,9,Pneumonia,40.49,Yes,No,Yes,Transfer,Home
P002,69,Female,28-09-2023,07-10-2023,19-10-2023,29-10-2023,8,10,Pneumonia,73.59,Yes,Yes,No,Transfer,Deceased
P003,42,Male,29-09-2023,08-10-2023,05-01-2023,13-01-2023,5,8,Diabetes,97.87,Yes,Yes,Yes,ER,Deceased
P004,44,Female,30-09-2023,09-10-2023,08-12-2023,11-12-2023,2,3,Pneumonia,55.55,Yes,No,Yes,Transfer,Home
P005,82,Male,01-10-2023,10-10-2023,15-04-2023,23-04-2023,9,8,Stroke,1.78,Yes,Yes,Yes,Transfer,Deceased
P006,46,Female,02-10-2023,11-10-2023,09-10-2023,16-10-2023,12,7,Pneumonia,60.82,Yes,Yes,Yes,Transfer,Deceased
P007,38,Male,03-10-2023,12-10-2023,13-05-2023,16-05-2023,2,3,Pneumonia,19.29,Yes,Yes,Yes,Transfer,Rehab
P008,27,Female,04-10-2023,13-10-2023,20-05-2023,26-05-2023,12,6,Diabetes,61.69,No,Yes,Yes,Clinic,Deceased
P009,66,Male,05-10-2023,14-10-2023,30-06-2023,02-07-2023,7,2,COVID-19,89.08,Yes,No,No,Transfer,Home
P010,83,Female,06-10-2023,15-10-2023,24-04-2023,03-05-2023,15,9,COVID-19,6.37,Yes,No,Yes,Clinic,Home
P011,27,Female,07-10-2023,16-10-2023,12-06-2023,22-06-2023,14,10,Pneumonia,25.29,No,No,Yes,Transfer,Nursing Facility
P012,71,Male,08-10-2023,17-10-2023,28-05-2023,02-06-2023,10,5,Heart Attack,6.9,Yes,No,Yes,Transfer,Nursing Facility
P013,79,Male,09-10-2023,18-10-2023,23-12-2023,28-12-2023,11,5,Heart Attack,77.43,No,Yes,Yes,Transfer,Nursing Facility
P014,88,Male,10-10-2023,19-10-2023,18-11-2023,21-11-2023,14,3,Diabetes,81.32,Yes,No,Yes,Transfer,Nursing Facility
P015,70,Female,11-10-2023,20-10-2023,28-08-2023,29-08-2023,10,1,Diabetes,98.23,No,No,Yes,Clinic,Nursing Facility
P016,84,Female,12-10-2023,21-10-2023,03-11-2023,04-11-2023,12,1,Diabetes,78.44,Yes,No,No,Clinic,Nursing Facility
P017,54,Male,13-10-2023,22-10-2023,10-08-2023,15-08-2023,5,5,COVID-19,34.83,No,Yes,No,Clinic,Deceased
P018,44,Male,14-10-2023,23-10-2023,12-08-2023,14-08-2023,6,2,Stroke,57.82,Yes,No,No,Clinic,Rehab
P019,43,Male,15-10-2023,24-10-2023,17-11-2023,20-11-2023,12,3,COVID-19,45.43,Yes,No,No,ER,Deceased
P020,69,Male,16-10-2023,25-10-2023,29-10-2023,02-11-2023,14,4,Pneumonia,72.74,No,Yes,Yes,Clinic,Deceased
